rgn_id,value
1,0.14720267644152046
2,0.10481299925595522
3,0.09116031159646809
4,0.061613462911918764
5,0.039198692468926315
6,0.09565665149129927
7,0.0975272429175675
8,0.029078296339139345
9,0.07280783886089921
10,0.14381301058456303
11,0.0962195526342839
12,0.0801219987217337
14,0.008551733940839768
15,0.023995916265994312
16,0.11561772669665515
17,0.1433554442599416
